business_name,email,date_sent,subject,body
Test,konstantinosmpatziakas1994@gmail.com,2026-05-31 03:03:39,Γρήγορη ερώτηση για Test,"Δέκτης: Test
Διεύθυνση: Athens, Greece
Υπόθεση: Προσφορά υπηρεσιών σχεδιασμού ιστοσελίδων και ψηφιακού μάρκετινγκ

Απάντηση:

Αξιότιμη/ο,
Δεδομένης της ιδιαίτερης επιχείρησης σας, σκεφτήκαμε ότι θα μας ενδιαφέρετε η εξήγηση των υπηρεσιών μας για να σας βοηθήσουμε στην προώθηση της εικόνας σας στον διαδικτυακό χώρο.

Αυτό που προσφέρουμε είναι ένα πλήρες πακέτο υπηρεσιών σχεδιασμού ιστοσελίδων και ψηφιακού μάρκετινγκ, το οποίο περιλαμβάνει:
- Σχεδιασμό και ανάπτυξη ιδιαίτερης ιστοσελίδας κατάλληλου για την επιχείρησή σας
- Τροποποίηση και βελτίωση της υπάρχουσας ιστοσελίδας σας
- Σχεδιασμό εκστρατείες ψηφιακού μάρκετινγκ για το άνοιγμα και την ανάπτυξη κοινού
- Διαχείριση και ανάλυση του απόδοσης των εκστρατείες 

Για περισσότερες πληροφορίες και να μάθετε πώς μπορούμε να σας βοηθήσουμε, παρακαλούμε επικοινωνήστε μαζί μας. 

Με εκτιμώμενη συμπαράσταση,
Κείμενο του Emails σας"
TEST ELIAS,eliasrougalas@gmail.com,2026-05-31 13:04:03,Quick question for TEST ELIAS,"Subject: Boost Your Online Presence with Our Expert Services

Dear TEST ELIAS Team,

I came across TEST ELIAS and was impressed with the work you're doing. As a web design and digital marketing agency, we help businesses like yours enhance their online presence, attract new clients, and drive revenue.

We specialize in crafting innovative websites, developing effective digital marketing strategies, and providing expert SEO services to ensure our clients stay ahead of the competition.

We'd love to discuss how our services can benefit TEST ELIAS and help you achieve your business goals. Our team is dedicated to delivering exceptional results and providing top-notch customer service.

If you're interested in learning more about our services, I'd be happy to schedule a call at your convenience.

Best regards,
[Your Name]"
